{"count":1,"self":172.6949376,"total":363.78925999999996,"children":{"InitializeActuators":{"count":1,"self":0.0029259999999999998,"total":0.0029259999999999998,"children":null},"InitializeSensors":{"count":1,"self":0.0029839999999999997,"total":0.0029839999999999997,"children":null},"AgentSendState":{"count":52867,"self":0.405588,"total":1.007379,"children":{"CollectObservations":{"count":10574,"self":0.066057999999999992,"total":0.066057999999999992,"children":null},"WriteActionMask":{"count":10574,"self":0.023070999999999998,"total":0.023070999999999998,"children":null},"RequestDecision":{"count":10574,"self":0.137865,"total":0.512662,"children":{"AgentInfo.ToProto":{"count":10574,"self":0.158493,"total":0.374797,"children":{"GenerateSensorData":{"count":10574,"self":0.216304,"total":0.216304,"children":null}}}}}}},"DecideAction":{"count":52867,"self":189.51084799999998,"total":189.51084699999998,"children":null},"AgentAct":{"count":52867,"self":0.55404599999999993,"total":0.568921,"children":{"AgentInfo.ToProto":{"count":528,"self":0.005947,"total":0.014875,"children":{"GenerateSensorData":{"count":528,"self":0.008928,"total":0.008928,"children":null}}}}}},"gauges":{"PoI.CumulativeReward":{"count":528,"max":254,"min":-27.7594433,"runningAverage":142.061935,"value":130.523926,"weightedAverage":135.1505}},"metadata":{"timer_format_version":"0.1.0","start_time_seconds":"1714050686","unity_version":"2022.3.10f1","command_line_arguments":"\/home\/alexa\/Unity\/Hub\/Editor\/2022.3.10f1\/Editor\/Unity -projectpath \/home\/alexa\/Unity Projects\/Flagstorm -useHub -hubIPC -cloudEnvironment production -licensingIpc LicenseClient-alexa -hubSessionId 0f06b1c7-3cf8-4648-a14e-d6665b81bea1 -accessToken SzXn9Sq-RRUHIEUxUEEnQFUkAGx8qI3YRc_Mkg4aOTU005f","communication_protocol_version":"1.5.0","com.unity.ml-agents_version":"2.0.1","scene_name":"PoI model","end_time_seconds":"1714051049"}}