{"count":1,"self":59.574067199999995,"total":60.950806,"children":{"InitializeActuators":{"count":6,"self":0.0016539999999999999,"total":0.0016539999999999999,"children":null},"InitializeSensors":{"count":6,"self":0.0033829999999999997,"total":0.0033829999999999997,"children":null},"AgentSendState":{"count":3022,"self":0.029767,"total":0.103527,"children":{"CollectObservations":{"count":1506,"self":0.020992999999999998,"total":0.020992999999999998,"children":null},"WriteActionMask":{"count":1506,"self":0.0036249999999999998,"total":0.0036249999999999998,"children":null},"RequestDecision":{"count":1506,"self":0.049142,"total":0.049142,"children":null}}},"DecideAction":{"count":3022,"self":1.2552489999999998,"total":1.2552489999999998,"children":null},"AgentAct":{"count":3022,"self":0.012168,"total":0.012168,"children":null}},"gauges":{},"metadata":{"timer_format_version":"0.1.0","start_time_seconds":"1714929925","unity_version":"2022.3.10f1","command_line_arguments":"\/home\/alexa\/Unity\/Hub\/Editor\/2022.3.10f1\/Editor\/Unity -projectpath \/home\/alexa\/Unity Projects\/Flagstorm -useHub -hubIPC -cloudEnvironment production -licensingIpc LicenseClient-alexa -hubSessionId e4ac8d4e-a01f-4aa5-975a-6cc234a873e6 -accessToken uWHNcMcoZUl3STfPrnEqjz-0Ll7i78g9LZb0vGrC1Eo005f","communication_protocol_version":"1.5.0","com.unity.ml-agents_version":"2.0.1","scene_name":"SampleScene","end_time_seconds":"1714929985"}}